Label,Audio
hiphop,hiphop.00000.wav
hiphop,hiphop.00001.wav
hiphop,hiphop.00002.wav
hiphop,hiphop.00003.wav
hiphop,hiphop.00004.wav
hiphop,hiphop.00005.wav
hiphop,hiphop.00006.wav
hiphop,hiphop.00007.wav
hiphop,hiphop.00008.wav
hiphop,hiphop.00009.wav
hiphop,hiphop.00010.wav
hiphop,hiphop.00011.wav
hiphop,hiphop.00012.wav
hiphop,hiphop.00013.wav
hiphop,hiphop.00014.wav
hiphop,hiphop.00015.wav
hiphop,hiphop.00016.wav
hiphop,hiphop.00017.wav
hiphop,hiphop.00018.wav
hiphop,hiphop.00019.wav
hiphop,hiphop.00020.wav
hiphop,hiphop.00021.wav
hiphop,hiphop.00022.wav
hiphop,hiphop.00023.wav
hiphop,hiphop.00024.wav
hiphop,hiphop.00025.wav
hiphop,hiphop.00026.wav
hiphop,hiphop.00027.wav
hiphop,hiphop.00028.wav
hiphop,hiphop.00029.wav
hiphop,hiphop.00030.wav
hiphop,hiphop.00031.wav
hiphop,hiphop.00032.wav
hiphop,hiphop.00033.wav
hiphop,hiphop.00034.wav
hiphop,hiphop.00035.wav
hiphop,hiphop.00036.wav
hiphop,hiphop.00037.wav
hiphop,hiphop.00038.wav
hiphop,hiphop.00039.wav
hiphop,hiphop.00040.wav
hiphop,hiphop.00041.wav
hiphop,hiphop.00042.wav
hiphop,hiphop.00043.wav
hiphop,hiphop.00044.wav
hiphop,hiphop.00045.wav
hiphop,hiphop.00046.wav
hiphop,hiphop.00047.wav
hiphop,hiphop.00048.wav
hiphop,hiphop.00049.wav
hiphop,hiphop.00050.wav
hiphop,hiphop.00051.wav
hiphop,hiphop.00052.wav
hiphop,hiphop.00053.wav
hiphop,hiphop.00054.wav
hiphop,hiphop.00055.wav
hiphop,hiphop.00056.wav
hiphop,hiphop.00057.wav
hiphop,hiphop.00058.wav
hiphop,hiphop.00059.wav
hiphop,hiphop.00060.wav
hiphop,hiphop.00061.wav
hiphop,hiphop.00062.wav
hiphop,hiphop.00063.wav
hiphop,hiphop.00064.wav
hiphop,hiphop.00065.wav
hiphop,hiphop.00066.wav
hiphop,hiphop.00067.wav
hiphop,hiphop.00068.wav
hiphop,hiphop.00069.wav
hiphop,hiphop.00070.wav
hiphop,hiphop.00071.wav
hiphop,hiphop.00072.wav
hiphop,hiphop.00073.wav
hiphop,hiphop.00074.wav
hiphop,hiphop.00075.wav
hiphop,hiphop.00076.wav
hiphop,hiphop.00077.wav
hiphop,hiphop.00078.wav
hiphop,hiphop.00079.wav
hiphop,hiphop.00080.wav
hiphop,hiphop.00081.wav
hiphop,hiphop.00082.wav
hiphop,hiphop.00083.wav
hiphop,hiphop.00084.wav
hiphop,hiphop.00085.wav
hiphop,hiphop.00086.wav
hiphop,hiphop.00087.wav
hiphop,hiphop.00088.wav
hiphop,hiphop.00089.wav
hiphop,hiphop.00090.wav
hiphop,hiphop.00091.wav
hiphop,hiphop.00092.wav
hiphop,hiphop.00093.wav
hiphop,hiphop.00094.wav
hiphop,hiphop.00095.wav
hiphop,hiphop.00096.wav
hiphop,hiphop.00097.wav
hiphop,hiphop.00098.wav
hiphop,hiphop.00099.wav
pop,pop.00000.wav
pop,pop.00001.wav
pop,pop.00002.wav
pop,pop.00003.wav
pop,pop.00004.wav
pop,pop.00005.wav
pop,pop.00006.wav
pop,pop.00007.wav
pop,pop.00008.wav
pop,pop.00009.wav
pop,pop.00010.wav
pop,pop.00011.wav
pop,pop.00012.wav
pop,pop.00013.wav
pop,pop.00014.wav
pop,pop.00015.wav
pop,pop.00016.wav
pop,pop.00017.wav
pop,pop.00018.wav
pop,pop.00019.wav
pop,pop.00020.wav
pop,pop.00021.wav
pop,pop.00022.wav
pop,pop.00023.wav
pop,pop.00024.wav
pop,pop.00025.wav
pop,pop.00026.wav
pop,pop.00027.wav
pop,pop.00028.wav
pop,pop.00029.wav
pop,pop.00030.wav
pop,pop.00031.wav
pop,pop.00032.wav
pop,pop.00033.wav
pop,pop.00034.wav
pop,pop.00035.wav
pop,pop.00036.wav
pop,pop.00037.wav
pop,pop.00038.wav
pop,pop.00039.wav
pop,pop.00040.wav
pop,pop.00041.wav
pop,pop.00042.wav
pop,pop.00043.wav
pop,pop.00044.wav
pop,pop.00045.wav
pop,pop.00046.wav
pop,pop.00047.wav
pop,pop.00048.wav
pop,pop.00049.wav
pop,pop.00050.wav
pop,pop.00051.wav
pop,pop.00052.wav
pop,pop.00053.wav
pop,pop.00054.wav
pop,pop.00055.wav
pop,pop.00056.wav
pop,pop.00057.wav
pop,pop.00058.wav
pop,pop.00059.wav
pop,pop.00060.wav
pop,pop.00061.wav
pop,pop.00062.wav
pop,pop.00063.wav
pop,pop.00064.wav
pop,pop.00065.wav
pop,pop.00066.wav
pop,pop.00067.wav
pop,pop.00068.wav
pop,pop.00069.wav
pop,pop.00070.wav
pop,pop.00071.wav
pop,pop.00072.wav
pop,pop.00073.wav
pop,pop.00074.wav
pop,pop.00075.wav
pop,pop.00076.wav
pop,pop.00077.wav
pop,pop.00078.wav
pop,pop.00079.wav
pop,pop.00080.wav
pop,pop.00081.wav
pop,pop.00082.wav
pop,pop.00083.wav
pop,pop.00084.wav
pop,pop.00085.wav
pop,pop.00086.wav
pop,pop.00087.wav
pop,pop.00088.wav
pop,pop.00089.wav
pop,pop.00090.wav
pop,pop.00091.wav
pop,pop.00092.wav
pop,pop.00093.wav
pop,pop.00094.wav
pop,pop.00095.wav
pop,pop.00096.wav
pop,pop.00097.wav
pop,pop.00098.wav
pop,pop.00099.wav
rock,rock.00000.wav
rock,rock.00001.wav
rock,rock.00002.wav
rock,rock.00003.wav
rock,rock.00004.wav
rock,rock.00005.wav
rock,rock.00006.wav
rock,rock.00007.wav
rock,rock.00008.wav
rock,rock.00009.wav
rock,rock.00010.wav
rock,rock.00011.wav
rock,rock.00012.wav
rock,rock.00013.wav
rock,rock.00014.wav
rock,rock.00015.wav
rock,rock.00016.wav
rock,rock.00017.wav
rock,rock.00018.wav
rock,rock.00019.wav
rock,rock.00020.wav
rock,rock.00021.wav
rock,rock.00022.wav
rock,rock.00023.wav
rock,rock.00024.wav
rock,rock.00025.wav
rock,rock.00026.wav
rock,rock.00027.wav
rock,rock.00028.wav
rock,rock.00029.wav
rock,rock.00030.wav
rock,rock.00031.wav
rock,rock.00032.wav
rock,rock.00033.wav
rock,rock.00034.wav
rock,rock.00035.wav
rock,rock.00036.wav
rock,rock.00037.wav
rock,rock.00038.wav
rock,rock.00039.wav
rock,rock.00040.wav
rock,rock.00041.wav
rock,rock.00042.wav
rock,rock.00043.wav
rock,rock.00044.wav
rock,rock.00045.wav
rock,rock.00046.wav
rock,rock.00047.wav
rock,rock.00048.wav
rock,rock.00049.wav
rock,rock.00050.wav
rock,rock.00051.wav
rock,rock.00052.wav
rock,rock.00053.wav
rock,rock.00054.wav
rock,rock.00055.wav
rock,rock.00056.wav
rock,rock.00057.wav
rock,rock.00058.wav
rock,rock.00059.wav
rock,rock.00060.wav
rock,rock.00061.wav
rock,rock.00062.wav
rock,rock.00063.wav
rock,rock.00064.wav
rock,rock.00065.wav
rock,rock.00066.wav
rock,rock.00067.wav
rock,rock.00068.wav
rock,rock.00069.wav
rock,rock.00070.wav
rock,rock.00071.wav
rock,rock.00072.wav
rock,rock.00073.wav
rock,rock.00074.wav
rock,rock.00075.wav
rock,rock.00076.wav
rock,rock.00077.wav
rock,rock.00078.wav
rock,rock.00079.wav
rock,rock.00080.wav
rock,rock.00081.wav
rock,rock.00082.wav
rock,rock.00083.wav
rock,rock.00084.wav
rock,rock.00085.wav
rock,rock.00086.wav
rock,rock.00087.wav
rock,rock.00088.wav
rock,rock.00089.wav
rock,rock.00090.wav
rock,rock.00091.wav
rock,rock.00092.wav
rock,rock.00093.wav
rock,rock.00094.wav
rock,rock.00095.wav
rock,rock.00096.wav
rock,rock.00097.wav
rock,rock.00098.wav
rock,rock.00099.wav
